"haplotype"	"parent"	"child"	"region_name"	"CN_change"	"copy_index"	"event_type"
"maternal"	"I"	"MRCA"	"sub_maternal_chr6_1"	-1	0	"sub_CNV"
"maternal"	"I"	"MRCA"	"sub_maternal_chr6_2"	-1	0	"sub_CNV"
"paternal"	"I"	"MRCA"	"sub_paternal_chr10_1"	-1	0	"sub_CNV"
"maternal"	"I"	"MRCA"	"sub_maternal_chr11_1"	-1	0	"sub_CNV"
"paternal"	"I"	"MRCA"	"chr13"	-1	1	"CNV"
"paternal"	"I"	"MRCA"	"sub_paternal_chr17_1"	-1	0	"sub_CNV"
"maternal"	"I"	"MRCA"	"sub_maternal_chr22_1"	-1	0	"sub_CNV"
"paternal"	"I"	"MRCA"	"sub_paternal_chr16_1"	1	0	"sub_CNV"
"maternal"	"I"	"MRCA"	"WGD"	1	1	"WGD"
"paternal"	"I"	"MRCA"	"WGD"	1	1	"WGD"
"paternal"	"I"	"MRCA"	"chr1p"	-1	1	"CNV"
"maternal"	"I"	"MRCA"	"chr1q"	1	1	"CNV"
"maternal"	"MRCA"	"II"	"chr6p"	-1	1	"CNV"
"paternal"	"MRCA"	"II"	"chr2"	-1	1	"CNV"
"maternal"	"IV"	"V"	"chr2"	-1	1	"CNV"
"paternal"	"V"	"III"	"chr2"	1	1	"CNV"
"paternal"	"MRCA"	"II"	"chr3"	-1	1	"CNV"
"maternal"	"V"	"VI"	"chr3"	-1	1	"CNV"
"paternal"	"MRCA"	"II"	"chr10p"	-1	1	"CNV"
"maternal"	"MRCA"	"IV"	"chr4"	-1	1	"CNV"
"paternal"	"MRCA"	"IV"	"chr8"	-1	1	"CNV"
